ROI_TOTAL.Photons.s,MEAN.Photons.s.cm.2.sr,AREA.Pixels..cm.2,Treatment,Site,Mouse,day,exp
13646721,346593.53,3.133,10^6 K181,Salivary Gland,P-4,6,18
17409530,442159.72,3.133,10^6 K181,Salivary Gland,P-8,6,18
4985599,126622.09,3.133,10^6 K181,Salivary Gland,P-9,6,18
10528004,58948.836,14.21,10^6 K181,Body,P-4,6,18
24647958,138009.88,14.21,10^6 K181,Body,P-8,6,18
6599456.5,36951.953,14.21,10^6 K181,Body,P-9,6,18
16626846,422281.44,3.133,10^6 K181,Salivary Gland,P-4,7,18
19172206,486927.41,3.133,10^6 K181,Salivary Gland,P-8,7,18
12145188,308458.22,3.133,10^6 K181,Salivary Gland,P-9,7,18
5585386.5,31273.93,14.21,10^6 K181,Body,P-4,7,18
6456204,36149.844,14.21,10^6 K181,Body,P-8,7,18
27124598,151877.17,14.21,10^6 K181,Body,P-9,7,18
4532894,115124.48,3.133,10^6 K181,Salivary Gland,P-4,8,18
12144713,308446.16,3.133,10^6 K181,Salivary Gland,P-8,8,18
7149737.5,181585.94,3.133,10^6 K181,Salivary Gland,P-9,8,18
4900660.5,27439.982,14.21,10^6 K181,Body,P-4,8,18
8438584,47249.672,14.21,10^6 K181,Body,P-8,8,18
12135039,67947.016,14.21,10^6 K181,Body,P-9,8,18
6959543,176755.45,3.133,10^6 K181,Salivary Gland,P-4,9,18
12693040,322372.31,3.133,10^6 K181,Salivary Gland,P-8,9,18
3676997,93386.781,3.133,10^6 K181,Salivary Gland,P-9,9,18
1983590,11106.6,14.21,10^6 K181,Body,P-4,9,18
3332750.8,18660.877,14.21,10^6 K181,Body,P-8,9,18
1266332.1,7090.4995,14.21,10^6 K181,Body,P-9,9,18
7661173.5,194575.16,3.133,10^6 K181,Salivary Gland,P-4,10,18
13811845,350787.28,3.133,10^6 K181,Salivary Gland,P-8,10,18
4591540,116613.94,3.133,10^6 K181,Salivary Gland,P-9,10,18
1619030.6,9065.3438,14.21,10^6 K181,Body,P-4,10,18
1519225.8,8506.5127,14.21,10^6 K181,Body,P-8,10,18
1699816.8,9517.6846,14.21,10^6 K181,Body,P-9,10,18
6163064.5,156526.84,3.133,10^6 K181,Salivary Gland,P-4,11,18
11354297,288371.53,3.133,10^6 K181,Salivary Gland,P-8,11,18
4558179,115766.66,3.133,10^6 K181,Salivary Gland,P-9,11,18
917494.5,5137.2734,14.21,10^6 K181,Body,P-4,11,18
513572.25,2875.6152,14.21,10^6 K181,Body,P-8,11,18
592324.94,3316.5708,14.21,10^6 K181,Body,P-9,11,18
12565451,319131.88,3.133,10^6 K181,Salivary Gland,P-4,12,18
6997806.5,177727.25,3.133,10^6 K181,Salivary Gland,P-8,12,18
3278414,83263.734,3.133,10^6 K181,Salivary Gland,P-9,12,18
634671,3553.6765,14.21,10^6 K181,Body,P-4,12,18
511735.81,2865.3325,14.21,10^6 K181,Body,P-8,12,18
405705,2271.6404,14.21,10^6 K181,Body,P-9,12,18
6984494.5,177389.16,3.133,10^6 K181,Salivary Gland,P-4,13,18
3468677.8,88095.977,3.133,10^6 K181,Salivary Gland,P-8,13,18
6093440.5,154758.56,3.133,10^6 K181,Salivary Gland,P-9,13,18
409225.66,2291.3533,14.21,10^6 K181,Body,P-4,13,18
500036.22,2799.8237,14.21,10^6 K181,Body,P-8,13,18
317841.66,1779.6724,14.21,10^6 K181,Body,P-9,13,18
13897026,352950.66,3.133,10^6 K181,Salivary Gland,P-4,14,18
4685443.5,118998.87,3.133,10^6 K181,Salivary Gland,P-8,14,18
4500947,114313.09,3.133,10^6 K181,Salivary Gland,P-9,14,18
866781.44,4853.3188,14.21,10^6 K181,Body,P-4,14,18
675023.88,3779.6218,14.21,10^6 K181,Body,P-8,14,18
536263.75,3002.6704,14.21,10^6 K181,Body,P-9,14,18
56679.375,1439.5182,3.133,10^6 K181,Salivary Gland,P-4,0,18
50950.52,1294.0192,3.133,10^6 K181,Salivary Gland,P-8,0,18
53606.668,1361.4789,3.133,10^6 K181,Salivary Gland,P-9,0,18
289694.59,1622.0701,14.21,10^6 K181,Body,P-4,0,18
221871.03,1242.3096,14.21,10^6 K181,Body,P-8,0,18
266479.06,1492.0807,14.21,10^6 K181,Body,P-9,0,18
131985.36,3352.1069,3.133,10^6 K181,Salivary Gland,P-4,1,18
177079.38,4497.3853,3.133,10^6 K181,Salivary Gland,P-8,1,18
123497.34,3136.532,3.133,10^6 K181,Salivary Gland,P-9,1,18
1.02E+08,572325.38,14.21,10^6 K181,Body,P-4,1,18
30581982,171235.91,14.21,10^6 K181,Body,P-8,1,18
1.38E+08,771867.13,14.21,10^6 K181,Body,P-9,1,18
240916.45,6118.6919,3.133,10^6 K181,Salivary Gland,P-4,2,18
276689.34,7027.2354,3.133,10^6 K181,Salivary Gland,P-8,2,18
257220.63,6532.7778,3.133,10^6 K181,Salivary Gland,P-9,2,18
4.15E+08,2320976,14.21,10^6 K181,Body,P-4,2,18
1.33E+08,747340.31,14.21,10^6 K181,Body,P-8,2,18
5.14E+08,2877582.5,14.21,10^6 K181,Body,P-9,2,18
182337.91,4630.939,3.133,10^6 K181,Salivary Gland,P-4,3,18
521289.88,13239.494,3.133,10^6 K181,Salivary Gland,P-8,3,18
120758.34,3066.9678,3.133,10^6 K181,Salivary Gland,P-9,3,18
2.96E+08,1659939.5,14.21,10^6 K181,Body,P-4,3,18
38754036,216993.22,14.21,10^6 K181,Body,P-8,3,18
47030408,263334.63,14.21,10^6 K181,Body,P-9,3,18
798700.38,20285.045,3.133,10^6 K181,Salivary Gland,P-4,4,18
1292517.3,32826.793,3.133,10^6 K181,Salivary Gland,P-8,4,18
221049.11,5614.1094,3.133,10^6 K181,Salivary Gland,P-9,4,18
2.02E+08,1132354.4,14.21,10^6 K181,Body,P-4,4,18
10741570,60144.645,14.21,10^6 K181,Body,P-8,4,18
88515272,495618.41,14.21,10^6 K181,Body,P-9,4,18
4874068,123789.46,3.133,10^6 K181,Salivary Gland,P-4,5,18
5043102.5,128082.53,3.133,10^6 K181,Salivary Gland,P-8,5,18
1255217,31879.457,3.133,10^6 K181,Salivary Gland,P-9,5,18
43748540,244958.64,14.21,10^6 K181,Body,P-4,5,18
35277396,197526.67,14.21,10^6 K181,Body,P-8,5,18
65647168,367574.38,14.21,10^6 K181,Body,P-9,5,18
213342.72,5418.3857,3.133,10^2 K181,Salivary Gland,P-5,7,18
242251.25,6152.5918,3.133,10^2 K181,Salivary Gland,P-6,7,18
1996082.3,50695.633,3.133,10^2 K181,Salivary Gland,P-7,7,18
1130577.5,6330.3765,14.21,10^2 K181,Body,P-5,7,18
475481.44,2662.3354,14.21,10^2 K181,Body,P-6,7,18
835805.75,4679.8784,14.21,10^2 K181,Body,P-7,7,18
413895.13,10511.93,3.133,10^2 K181,Salivary Gland,P-5,8,18
338510.75,8597.3496,3.133,10^2 K181,Salivary Gland,P-6,8,18
1658904.1,42132.129,3.133,10^2 K181,Salivary Gland,P-7,8,18
683095.25,3824.8157,14.21,10^2 K181,Body,P-5,8,18
645806.25,3616.0254,14.21,10^2 K181,Body,P-6,8,18
1289565.4,7220.5889,14.21,10^2 K181,Body,P-7,8,18
293961,7465.8936,3.133,10^2 K181,Salivary Gland,P-5,9,18
148363.44,3768.0701,3.133,10^2 K181,Salivary Gland,P-6,9,18
1923972.3,48864.215,3.133,10^2 K181,Salivary Gland,P-7,9,18
704922.25,3947.03,14.21,10^2 K181,Body,P-5,9,18
875515.81,4902.2246,14.21,10^2 K181,Body,P-6,9,18
1372304.6,7683.8657,14.21,10^2 K181,Body,P-7,9,18
459466.22,11669.323,3.133,10^2 K181,Salivary Gland,P-5,10,18
201979.06,5129.7764,3.133,10^2 K181,Salivary Gland,P-6,10,18
1226588.4,31152.361,3.133,10^2 K181,Salivary Gland,P-7,10,18
385459.16,2158.2791,14.21,10^2 K181,Body,P-5,10,18
989394.13,5539.8569,14.21,10^2 K181,Body,P-6,10,18
696208,3898.2371,14.21,10^2 K181,Body,P-7,10,18
1686357,42829.363,3.133,10^2 K181,Salivary Gland,P-5,11,18
206034.95,5232.7866,3.133,10^2 K181,Salivary Gland,P-6,11,18
1190719.3,30241.371,3.133,10^2 K181,Salivary Gland,P-7,11,18
914171,5118.6646,14.21,10^2 K181,Body,P-5,11,18
444915.63,2491.1899,14.21,10^2 K181,Body,P-6,11,18
454120.28,2542.7292,14.21,10^2 K181,Body,P-7,11,18
1695807.9,43069.395,3.133,10^2 K181,Salivary Gland,P-5,12,18
146213.44,3713.4653,3.133,10^2 K181,Salivary Gland,P-6,12,18
517646.09,13146.951,3.133,10^2 K181,Salivary Gland,P-7,12,18
640529.81,3586.4812,14.21,10^2 K181,Body,P-5,12,18
497904.16,2787.8857,14.21,10^2 K181,Body,P-6,12,18
452606.38,2534.2524,14.21,10^2 K181,Body,P-7,12,18
1291341.5,32796.934,3.133,10^2 K181,Salivary Gland,P-5,13,18
278653.47,7077.1191,3.133,10^2 K181,Salivary Gland,P-6,13,18
481577.59,12230.899,3.133,10^2 K181,Salivary Gland,P-7,13,18
906359.38,5074.9253,14.21,10^2 K181,Body,P-5,13,18
689442.31,3860.354,14.21,10^2 K181,Body,P-6,13,18
702942.44,3935.9448,14.21,10^2 K181,Body,P-7,13,18
1605355.6,40772.129,3.133,10^2 K181,Salivary Gland,P-5,14,18
257263.17,6533.8584,3.133,10^2 K181,Salivary Gland,P-6,14,18
433735.63,11015.829,3.133,10^2 K181,Salivary Gland,P-7,14,18
459885,2575.0073,14.21,10^2 K181,Body,P-5,14,18
371022.81,2077.4463,14.21,10^2 K181,Body,P-6,14,18
248737.06,1392.739,14.21,10^2 K181,Body,P-7,14,18
43006.719,1092.266,3.133,10^2 K181,Salivary Gland,P-5,0,18
49277.551,1251.5299,3.133,10^2 K181,Salivary Gland,P-6,0,18
42659.582,1083.4496,3.133,10^2 K181,Salivary Gland,P-7,0,18
237655.63,1330.6913,14.21,10^2 K181,Body,P-5,0,18
230560.63,1290.9646,14.21,10^2 K181,Body,P-6,0,18
219407.5,1228.5156,14.21,10^2 K181,Body,P-7,0,18
61259.32,1555.8376,3.133,10^2 K181,Salivary Gland,P-5,1,18
64979.273,1650.3153,3.133,10^2 K181,Salivary Gland,P-6,1,18
56365.832,1431.5549,3.133,10^2 K181,Salivary Gland,P-7,1,18
293143.53,1641.3815,14.21,10^2 K181,Body,P-5,1,18
263451.16,1475.1266,14.21,10^2 K181,Body,P-6,1,18
258788.33,1449.0184,14.21,10^2 K181,Body,P-7,1,18
64025.207,1626.0845,3.133,10^2 K181,Salivary Gland,P-5,2,18
57104.895,1450.3254,3.133,10^2 K181,Salivary Gland,P-6,2,18
55147.5,1400.6123,3.133,10^2 K181,Salivary Gland,P-7,2,18
295208.44,1652.9434,14.21,10^2 K181,Body,P-5,2,18
266075.94,1489.8235,14.21,10^2 K181,Body,P-6,2,18
275410.5,1542.0901,14.21,10^2 K181,Body,P-7,2,18
64773.227,1645.0823,3.133,10^2 K181,Salivary Gland,P-5,3,18
58327.703,1481.3818,3.133,10^2 K181,Salivary Gland,P-6,3,18
68481.977,1739.2755,3.133,10^2 K181,Salivary Gland,P-7,3,18
349330.19,1955.9843,14.21,10^2 K181,Body,P-5,3,18
311758.97,1745.6138,14.21,10^2 K181,Body,P-6,3,18
348806.13,1953.0498,14.21,10^2 K181,Body,P-7,3,18
86998.844,2209.5591,3.133,10^2 K181,Salivary Gland,P-5,4,18
61019.688,1549.7516,3.133,10^2 K181,Salivary Gland,P-6,4,18
75576.977,1919.4713,3.133,10^2 K181,Salivary Gland,P-7,4,18
795365.63,4453.4443,14.21,10^2 K181,Body,P-5,4,18
378099.88,2117.0728,14.21,10^2 K181,Body,P-6,4,18
379506.34,2124.9478,14.21,10^2 K181,Body,P-7,4,18
144683.8,3674.6165,3.133,10^2 K181,Salivary Gland,P-5,5,18
48527.289,1232.4751,3.133,10^2 K181,Salivary Gland,P-6,5,18
60726.301,1542.3003,3.133,10^2 K181,Salivary Gland,P-7,5,18
435406.34,2437.9453,14.21,10^2 K181,Body,P-5,5,18
341070.63,1909.7368,14.21,10^2 K181,Body,P-6,5,18
426235.22,2386.594,14.21,10^2 K181,Body,P-7,5,18
249433.59,6335.0063,3.133,10^2 K181,Salivary Gland,P-5,6,18
73216.453,1859.5199,3.133,10^2 K181,Salivary Gland,P-6,6,18
397066.91,10084.533,3.133,10^2 K181,Salivary Gland,P-7,6,18
812834.31,4551.2559,14.21,10^2 K181,Body,P-5,6,18
520864.34,2916.4453,14.21,10^2 K181,Body,P-6,6,18
671122.5,3757.7771,14.21,10^2 K181,Body,P-7,6,18
75030.523,1905.5927,3.133,10^6 K181,Salivary Gland,P-23,0,20
60276.145,1530.8674,3.133,10^6 K181,Salivary Gland,P-24,0,20
62806.875,1595.1417,3.133,10^6 K181,Salivary Gland,P-25,0,20
52692.914,1338.2717,3.133,10^6 K181,Salivary Gland,P-26,0,20
63496.66,1612.6608,3.133,10^6 K181,Salivary Gland,P-27,0,20
287150.41,1607.8246,14.21,10^6 K181,Body,P-23,0,20
292198.44,1636.0896,14.21,10^6 K181,Body,P-24,0,20
326934.38,1830.5846,14.21,10^6 K181,Body,P-25,0,20
321407.06,1799.6359,14.21,10^6 K181,Body,P-26,0,20
224898.95,1259.2635,14.21,10^6 K181,Body,P-27,0,20
164967.72,4189.7783,3.133,10^6 K181,Salivary Gland,P-23,1,20
240378.97,6105.0405,3.133,10^6 K181,Salivary Gland,P-24,1,20
506737.06,12869.888,3.133,10^6 K181,Salivary Gland,P-25,1,20
316041.03,8026.6733,3.133,10^6 K181,Salivary Gland,P-26,1,20
291996.88,7416.0098,3.133,10^6 K181,Salivary Gland,P-27,1,20
3.29E+08,1842070.8,14.21,10^6 K181,Body,P-23,1,20
3.17E+08,1773631.8,14.21,10^6 K181,Body,P-24,1,20
61871012,346430.75,14.21,10^6 K181,Body,P-25,1,20
10627862,59507.965,14.21,10^6 K181,Body,P-26,1,20
1.54E+08,860912.25,14.21,10^6 K181,Body,P-27,1,20
219868.84,5584.1333,3.133,10^6 K181,Salivary Gland,P-23,2,20
353701.88,8983.167,3.133,10^6 K181,Salivary Gland,P-24,2,20
477756.84,12133.861,3.133,10^6 K181,Salivary Gland,P-25,2,20
368438.31,9357.4365,3.133,10^6 K181,Salivary Gland,P-26,2,20
264991.97,6730.1514,3.133,10^6 K181,Salivary Gland,P-27,2,20
3.87E+08,2164804.5,14.21,10^6 K181,Body,P-23,2,20
4.85E+08,2713838,14.21,10^6 K181,Body,P-24,2,20
1.49E+08,833747.06,14.21,10^6 K181,Body,P-25,2,20
47887252,268132.31,14.21,10^6 K181,Body,P-26,2,20
1.45E+08,812065.25,14.21,10^6 K181,Body,P-27,2,20
220675.08,5604.6104,3.133,10^6 K181,Salivary Gland,P-23,3,20
272897.72,6930.9375,3.133,10^6 K181,Salivary Gland,P-24,3,20
768006.88,19505.506,3.133,10^6 K181,Salivary Gland,P-25,3,20
972570.44,24700.922,3.133,10^6 K181,Salivary Gland,P-26,3,20
211730.2,5377.4321,3.133,10^6 K181,Salivary Gland,P-27,3,20
2.91E+08,1628482.1,14.21,10^6 K181,Body,P-23,3,20
6.33E+08,3544900.5,14.21,10^6 K181,Body,P-24,3,20
1.21E+08,677474.81,14.21,10^6 K181,Body,P-25,3,20
74951560,419671.91,14.21,10^6 K181,Body,P-26,3,20
4.56E+08,2555481.5,14.21,10^6 K181,Body,P-27,3,20
184962.7,4697.6025,3.133,10^6 K181,Salivary Gland,P-23,4,20
136737.75,3472.8064,3.133,10^6 K181,Salivary Gland,P-24,4,20
2211830.5,56175.109,3.133,10^6 K181,Salivary Gland,P-25,4,20
2937009.8,74592.898,3.133,10^6 K181,Salivary Gland,P-26,4,20
330087.69,8383.4248,3.133,10^6 K181,Salivary Gland,P-27,4,20
2.17E+08,1213618.3,14.21,10^6 K181,Body,P-23,4,20
68073120,381157.84,14.21,10^6 K181,Body,P-24,4,20
1.84E+08,1031219.7,14.21,10^6 K181,Body,P-25,4,20
48371928,270846.13,14.21,10^6 K181,Body,P-26,4,20
1.08E+08,603644.44,14.21,10^6 K181,Body,P-27,4,20
2587970.5,65728.156,3.133,10^6 K181,Salivary Gland,P-23,5,20
994045.81,25246.344,3.133,10^6 K181,Salivary Gland,P-24,5,20
7226954,183547.05,3.133,10^6 K181,Salivary Gland,P-25,5,20
9210972,233936.27,3.133,10^6 K181,Salivary Gland,P-26,5,20
1783035.1,45284.754,3.133,10^6 K181,Salivary Gland,P-27,5,20
1.51E+08,846544.88,14.21,10^6 K181,Body,P-23,5,20
9621787,53874.715,14.21,10^6 K181,Body,P-24,5,20
26535726,148579.94,14.21,10^6 K181,Body,P-25,5,20
3701677.5,20726.588,14.21,10^6 K181,Body,P-26,5,20
98196584,549826.44,14.21,10^6 K181,Body,P-27,5,20
9375042,238103.23,3.133,10^6 K181,Salivary Gland,P-23,6,20
3495582,88779.273,3.133,10^6 K181,Salivary Gland,P-24,6,20
19585846,497432.84,3.133,10^6 K181,Salivary Gland,P-25,6,20
51746304,1314230.3,3.133,10^6 K181,Salivary Gland,P-26,6,20
10905664,276977.34,3.133,10^6 K181,Salivary Gland,P-27,6,20
8072614,45200.516,14.21,10^6 K181,Body,P-23,6,20
1.05E+08,589494.44,14.21,10^6 K181,Body,P-24,6,20
33348656,186727.19,14.21,10^6 K181,Body,P-25,6,20
7552645.5,42289.09,14.21,10^6 K181,Body,P-26,6,20
37419672,209521.81,14.21,10^6 K181,Body,P-27,6,20
18751516,476242.88,3.133,10^6 K181,Salivary Gland,P-23,7,20
13957798,354494.09,3.133,10^6 K181,Salivary Gland,P-24,7,20
9503463,241364.84,3.133,10^6 K181,Salivary Gland,P-25,7,20
44974608,1142245.6,3.133,10^6 K181,Salivary Gland,P-26,7,20
29868218,758580,3.133,10^6 K181,Salivary Gland,P-27,7,20
1.14E+08,635818.31,14.21,10^6 K181,Body,P-23,7,20
6076536,34023.992,14.21,10^6 K181,Body,P-24,7,20
9428574,52792.863,14.21,10^6 K181,Body,P-25,7,20
2484069.8,13908.906,14.21,10^6 K181,Body,P-26,7,20
18027794,100941.98,14.21,10^6 K181,Body,P-27,7,20
8127443,206417.28,3.133,10^6 K181,Salivary Gland,P-23,8,20
5738811.5,145751.84,3.133,10^6 K181,Salivary Gland,P-24,8,20
7801622,198142.2,3.133,10^6 K181,Salivary Gland,P-25,8,20
22870364,580851.56,3.133,10^6 K181,Salivary Gland,P-26,8,20
15224513,386665.59,3.133,10^6 K181,Salivary Gland,P-27,8,20
27138700,151956.14,14.21,10^6 K181,Body,P-23,8,20
54693432,306241.75,14.21,10^6 K181,Body,P-24,8,20
5357119,29995.805,14.21,10^6 K181,Body,P-25,8,20
2948012.8,16573.465,14.15,10^6 K181,Body,P-26,8,20
18757494,105027.75,14.21,10^6 K181,Body,P-27,8,20
6418256.5,163008.09,3.133,10^6 K181,Salivary Gland,P-23,9,20
4836254.5,122829.1,3.133,10^6 K181,Salivary Gland,P-24,9,20
6278091.5,159448.25,3.133,10^6 K181,Salivary Gland,P-25,9,20
23755144,603322.81,3.133,10^6 K181,Salivary Gland,P-26,9,20
14132603,358933.72,3.133,10^6 K181,Salivary Gland,P-27,9,20
8356978,46792.738,14.21,10^6 K181,Body,P-23,9,20
1114757,6241.7939,14.21,10^6 K181,Body,P-24,9,20
1492211.9,8355.2559,14.21,10^6 K181,Body,P-25,9,20
1788952.4,10016.776,14.21,10^6 K181,Body,P-26,9,20
28470712,159414.41,14.21,10^6 K181,Body,P-27,9,20
7884407.5,200244.77,3.133,10^6 K181,Salivary Gland,P-23,10,20
3427686.8,87054.906,3.133,10^6 K181,Salivary Gland,P-24,10,20
10656002,270636.53,3.133,10^6 K181,Salivary Gland,P-25,10,20
36018240,914775.69,3.133,10^6 K181,Salivary Gland,P-26,10,20
9536368,242200.52,3.133,10^6 K181,Salivary Gland,P-27,10,20
1728375.9,9677.5947,14.21,10^6 K181,Body,P-23,10,20
1908702.8,10687.288,14.21,10^6 K181,Body,P-24,10,20
538082.25,3012.8528,14.21,10^6 K181,Body,P-25,10,20
1824481,10215.71,14.21,10^6 K181,Body,P-26,10,20
8180444.5,45804.289,14.21,10^6 K181,Body,P-27,10,20
9496949,241199.39,3.133,10^6 K181,Salivary Gland,P-23,11,20
2962243,75233.766,3.133,10^6 K181,Salivary Gland,P-24,11,20
9836485,249822.78,3.133,10^6 K181,Salivary Gland,P-25,11,20
44570436,1131980.6,3.133,10^6 K181,Salivary Gland,P-26,11,20
9352371,237527.44,3.133,10^6 K181,Salivary Gland,P-27,11,20
1325524.3,7421.9307,14.21,10^6 K181,Body,P-23,11,20
3173265.5,17767.881,14.21,10^6 K181,Body,P-24,11,20
567564.13,3177.9287,14.21,10^6 K181,Body,P-25,11,20
1450685.5,8122.7393,14.21,10^6 K181,Body,P-26,11,20
1463899.1,8196.7256,14.21,10^6 K181,Body,P-27,11,20
8476876,215292.05,3.133,10^6 K181,Salivary Gland,P-23,12,20
3705018.8,94098.453,3.133,10^6 K181,Salivary Gland,P-24,12,20
7319193,185889.69,3.133,10^6 K181,Salivary Gland,P-25,12,20
25891620,657584.13,3.133,10^6 K181,Salivary Gland,P-26,12,20
11602372,294672.03,3.133,10^6 K181,Salivary Gland,P-27,12,20
718243.31,4021.6179,14.21,10^6 K181,Body,P-23,12,20
723336.13,4050.1338,14.21,10^6 K181,Body,P-24,12,20
1239904.9,6942.5273,14.21,10^6 K181,Body,P-25,12,20
545768.56,3055.8901,14.21,10^6 K181,Body,P-26,12,20
587353.13,3288.7319,14.21,10^6 K181,Body,P-27,12,20
5608590.5,142444.55,3.133,10^6 K181,Salivary Gland,P-23,13,20
2296473.3,58324.832,3.133,10^6 K181,Salivary Gland,P-24,13,20
4916214.5,124859.88,3.133,10^6 K181,Salivary Gland,P-25,13,20
18389142,467039.47,3.133,10^6 K181,Salivary Gland,P-26,13,20
15401246,391154.19,3.133,10^6 K181,Salivary Gland,P-27,13,20
620937.88,3476.7815,14.21,10^6 K181,Body,P-23,13,20
697925.81,3907.8555,14.21,10^6 K181,Body,P-24,13,20
406744.16,2277.459,14.21,10^6 K181,Body,P-25,13,20
775612.44,4342.8418,14.21,10^6 K181,Body,P-26,13,20
519301.13,2907.6924,14.21,10^6 K181,Body,P-27,13,20
751044.25,19074.695,3.133,10^2 K181,Salivary Gland,P-18,13,20
751194.31,19078.508,3.133,10^2 K181,Salivary Gland,P-19,13,20
689928.25,17522.498,3.133,10^2 K181,Salivary Gland,P-20,13,20
2563221,65099.574,3.133,10^2 K181,Salivary Gland,P-21,13,20
2003656.8,50888.004,3.133,10^2 K181,Salivary Gland,P-22,13,20
942640.63,5278.0728,14.21,10^2 K181,Body,P-18,13,20
479880,2686.9639,14.21,10^2 K181,Body,P-19,13,20
644032.5,3606.0935,14.21,10^2 K181,Body,P-20,13,20
549154.75,3074.8503,14.21,10^2 K181,Body,P-21,13,20
453865,2541.2998,14.21,10^2 K181,Body,P-22,13,20
90214.898,2291.2388,3.133,10^2 K181,Salivary Gland,P-18,0,20
101972.71,2589.8586,3.133,10^2 K181,Salivary Gland,P-19,0,20
92906.867,2359.6084,3.133,10^2 K181,Salivary Gland,P-20,0,20
66340.938,1684.8983,3.133,10^2 K181,Salivary Gland,P-21,0,20
94138.641,2390.8923,3.133,10^2 K181,Salivary Gland,P-22,0,20
340362.91,1905.7742,14.21,10^2 K181,Body,P-18,0,20
333366.47,1866.5994,14.21,10^2 K181,Body,P-19,0,20
356201.22,1994.4569,14.21,10^2 K181,Body,P-20,0,20
282420.41,1581.3402,14.21,10^2 K181,Body,P-21,0,20
383927.28,2158.4048,14.15,10^2 K181,Body,P-22,0,20
82233.016,2088.5186,3.133,10^2 K181,Salivary Gland,P-18,1,20
85632.703,2174.8623,3.133,10^2 K181,Salivary Gland,P-19,1,20
87399.734,2219.7405,3.133,10^2 K181,Salivary Gland,P-20,1,20
96091.563,2440.4919,3.133,10^2 K181,Salivary Gland,P-21,1,20
82224.063,2088.291,3.133,10^2 K181,Salivary Gland,P-22,1,20
385069.47,2156.0969,14.21,10^2 K181,Body,P-18,1,20
396984.06,2222.8096,14.21,10^2 K181,Body,P-19,1,20
374144.81,2094.9272,14.21,10^2 K181,Body,P-20,1,20
412929.88,2312.0942,14.21,10^2 K181,Body,P-21,1,20
349894.59,1959.1444,14.21,10^2 K181,Body,P-22,1,20
78884.844,2003.483,3.133,10^2 K181,Salivary Gland,P-18,2,20
93594.422,2377.0706,3.133,10^2 K181,Salivary Gland,P-19,2,20
71924.219,1826.7001,3.133,10^2 K181,Salivary Gland,P-20,2,20
93000.938,2361.9973,3.133,10^2 K181,Salivary Gland,P-21,2,20
93126.352,2365.1829,3.133,10^2 K181,Salivary Gland,P-22,2,20
501953.34,2810.5581,14.21,10^2 K181,Body,P-18,2,20
1353290.5,7577.4009,14.21,10^2 K181,Body,P-19,2,20
956803.69,5357.3755,14.21,10^2 K181,Body,P-20,2,20
453488.72,2539.1931,14.21,10^2 K181,Body,P-21,2,20
889911.88,4982.8315,14.21,10^2 K181,Body,P-22,2,20
69012.758,1752.7561,3.133,10^2 K181,Salivary Gland,P-18,3,20
65841.508,1672.2141,3.133,10^2 K181,Salivary Gland,P-19,3,20
57057.863,1449.131,3.133,10^2 K181,Salivary Gland,P-20,3,20
62515.727,1587.7473,3.133,10^2 K181,Salivary Gland,P-21,3,20
57926.82,1471.2003,3.133,10^2 K181,Salivary Gland,P-22,3,20
1188412.4,6654.2085,14.21,10^2 K181,Body,P-18,3,20
7060618.5,39534.109,14.21,10^2 K181,Body,P-19,3,20
2259488.8,12651.424,14.21,10^2 K181,Body,P-20,3,20
333482.91,1867.2515,14.21,10^2 K181,Body,P-21,3,20
309295.41,1731.8197,14.21,10^2 K181,Body,P-22,3,20
2660857.8,67579.313,3.133,10^2 K181,Salivary Gland,P-18,14,20
316191.09,8030.4844,3.133,10^2 K181,Salivary Gland,P-19,14,20
569631.31,14467.248,3.133,10^2 K181,Salivary Gland,P-20,14,20
1349487.8,34273.703,3.133,10^2 K181,Salivary Gland,P-21,14,20
3381585,85884.031,3.133,10^2 K181,Salivary Gland,P-22,14,20
1935609,10837.943,14.21,10^2 K181,Body,P-18,14,20
516833.13,2893.8735,14.21,10^2 K181,Body,P-19,14,20
858732.38,4827.7168,14.15,10^2 K181,Body,P-20,14,20
590022.69,3303.6797,14.21,10^2 K181,Body,P-21,14,20
688792.81,3856.7175,14.21,10^2 K181,Body,P-22,14,20
92248.438,2342.8857,3.133,10^2 K181,Salivary Gland,P-18,4,20
87290,2216.9536,3.133,10^2 K181,Salivary Gland,P-19,4,20
71456.148,1814.8123,3.133,10^2 K181,Salivary Gland,P-20,4,20
90205.938,2291.0112,3.133,10^2 K181,Salivary Gland,P-21,4,20
78114.43,1983.9164,3.133,10^2 K181,Salivary Gland,P-22,4,20
688017.88,3852.3784,14.21,10^2 K181,Body,P-18,4,20
6711117.5,37577.168,14.21,10^2 K181,Body,P-19,4,20
1205177.9,6748.083,14.21,10^2 K181,Body,P-20,4,20
362830.41,2031.5752,14.21,10^2 K181,Body,P-21,4,20
393915.81,2205.6299,14.21,10^2 K181,Body,P-22,4,20
75299.266,1912.4182,3.133,10^2 K181,Salivary Gland,P-18,5,20
98821.617,2509.8286,3.133,10^2 K181,Salivary Gland,P-19,5,20
58621.094,1488.8331,3.133,10^2 K181,Salivary Gland,P-20,5,20
78253.281,1987.4429,3.133,10^2 K181,Salivary Gland,P-21,5,20
80786.25,2051.7742,3.133,10^2 K181,Salivary Gland,P-22,5,20
1346486.8,7539.3047,14.21,10^2 K181,Body,P-18,5,20
2159558.5,12091.891,14.21,10^2 K181,Body,P-19,5,20
2039848.3,11421.604,14.21,10^2 K181,Body,P-20,5,20
392307.78,2196.6262,14.21,10^2 K181,Body,P-21,5,20
549696.75,3077.885,14.21,10^2 K181,Body,P-22,5,20
69619.68,1768.1705,3.133,10^2 K181,Salivary Gland,P-18,6,20
275468.75,6996.2358,3.133,10^2 K181,Salivary Gland,P-19,6,20
57770.051,1467.2188,3.133,10^2 K181,Salivary Gland,P-20,6,20
135720.98,3446.9827,3.133,10^2 K181,Salivary Gland,P-21,6,20
69485.313,1764.7578,3.133,10^2 K181,Salivary Gland,P-22,6,20
686674.19,3844.8545,14.21,10^2 K181,Body,P-18,6,20
1541084.3,8628.9023,14.21,10^2 K181,Body,P-19,6,20
1761047,9900.4492,14.15,10^2 K181,Body,P-20,6,20
384124.38,2150.8052,14.21,10^2 K181,Body,P-21,6,20
5863211,32829.535,14.21,10^2 K181,Body,P-22,6,20
81041.563,2058.2585,3.133,10^2 K181,Salivary Gland,P-18,7,20
715331.88,18167.689,3.133,10^2 K181,Salivary Gland,P-19,7,20
184521.52,4686.397,3.133,10^2 K181,Salivary Gland,P-20,7,20
1035419.9,26297.145,3.133,10^2 K181,Salivary Gland,P-21,7,20
80562.289,2046.0861,3.133,10^2 K181,Salivary Gland,P-22,7,20
1035601.3,5798.5815,14.21,10^2 K181,Body,P-18,7,20
1529850.4,8566.002,14.21,10^2 K181,Body,P-19,7,20
2362213.8,13226.606,14.21,10^2 K181,Body,P-20,7,20
1967711.3,11017.691,14.21,10^2 K181,Body,P-21,7,20
1418471.5,7942.3647,14.21,10^2 K181,Body,P-22,7,20
70667.813,1794.7904,3.133,10^2 K181,Salivary Gland,P-18,8,20
735642.56,18683.533,3.133,10^2 K181,Salivary Gland,P-19,8,20
225532.75,5727.9829,3.133,10^2 K181,Salivary Gland,P-20,8,20
991880.06,25191.34,3.133,10^2 K181,Salivary Gland,P-21,8,20
87413.18,2220.082,3.133,10^2 K181,Salivary Gland,P-22,8,20
1315383.4,7365.1494,14.21,10^2 K181,Body,P-18,8,20
4178793.8,23398.076,14.21,10^2 K181,Body,P-19,8,20
1508444.5,8446.1455,14.21,10^2 K181,Body,P-20,8,20
1038154.3,5812.8774,14.21,10^2 K181,Body,P-21,8,20
1833054.1,10263.713,14.21,10^2 K181,Body,P-22,8,20
73444.898,1865.3217,3.133,10^2 K181,Salivary Gland,P-18,9,20
1618712.8,41111.363,3.133,10^2 K181,Salivary Gland,P-19,9,20
415671.16,10557.036,3.133,10^2 K181,Salivary Gland,P-20,9,20
945708.81,24018.701,3.133,10^2 K181,Salivary Gland,P-21,9,20
91224.945,2316.8916,3.133,10^2 K181,Salivary Gland,P-22,9,20
1620688,9074.624,14.21,10^2 K181,Body,P-18,9,20
636467.19,3563.7336,14.21,10^2 K181,Body,P-19,9,20
1446031.8,8096.6812,14.21,10^2 K181,Body,P-20,9,20
864452.31,4840.2773,14.21,10^2 K181,Body,P-21,9,20
1157210.5,6479.5015,14.21,10^2 K181,Body,P-22,9,20
114601.72,2910.6047,3.133,10^2 K181,Salivary Gland,P-18,10,20
2223946.5,56482.828,3.133,10^2 K181,Salivary Gland,P-19,10,20
352266.31,8946.707,3.133,10^2 K181,Salivary Gland,P-20,10,20
3688763.5,93685.625,3.133,10^2 K181,Salivary Gland,P-21,10,20
104214.52,2646.7954,3.133,10^2 K181,Salivary Gland,P-22,10,20
1769924.8,9910.2363,14.21,10^2 K181,Body,P-18,10,20
1914418.3,10719.29,14.21,10^2 K181,Body,P-19,10,20
1048044.3,5868.2539,14.21,10^2 K181,Body,P-20,10,20
1363350.8,7633.7305,14.21,10^2 K181,Body,P-21,10,20
1501479.4,8407.1455,14.21,10^2 K181,Body,P-22,10,20
220878.89,5609.7861,3.133,10^2 K181,Salivary Gland,P-18,11,20
2286283,58066.027,3.133,10^2 K181,Salivary Gland,P-19,11,20
237093.47,6021.5972,3.133,10^2 K181,Salivary Gland,P-20,11,20
4880737,123958.85,3.133,10^2 K181,Salivary Gland,P-21,11,20
417861.47,10612.664,3.133,10^2 K181,Salivary Gland,P-22,11,20
1724748,9657.2803,14.21,10^2 K181,Body,P-18,11,20
1010661.3,5658.9365,14.21,10^2 K181,Body,P-19,11,20
431251.91,2414.6836,14.21,10^2 K181,Body,P-20,11,20
1221226.9,6837.9438,14.21,10^2 K181,Body,P-21,11,20
946197,5319.4355,14.15,10^2 K181,Body,P-22,11,20
432844.28,10993.191,3.133,10^2 K181,Salivary Gland,P-18,12,20
1230998.3,31264.359,3.133,10^2 K181,Salivary Gland,P-19,12,20
580076.75,14732.537,3.133,10^2 K181,Salivary Gland,P-20,12,20
4130620.3,104907.7,3.133,10^2 K181,Salivary Gland,P-21,12,20
2550475.8,64775.871,3.133,10^2 K181,Salivary Gland,P-22,12,20
1212152.1,6787.1323,14.21,10^2 K181,Body,P-18,12,20
555792.88,3112.0188,14.21,10^2 K181,Body,P-19,12,20
869836.19,4870.4233,14.21,10^2 K181,Body,P-20,12,20
715233.31,4004.7642,14.21,10^2 K181,Body,P-21,12,20
709007.31,3969.9033,14.21,10^2 K181,Body,P-22,12,20
2410201.5,61213.254,3.133,10^2 K181,Salivary Gland,P-18,15,20
514595.78,13069.48,3.133,10^2 K181,Salivary Gland,P-20,15,20
2227247.5,56566.668,3.133,10^2 K181,Salivary Gland,P-21,15,20
1774110.6,45058.094,3.133,10^2 K181,Salivary Gland,P-22,15,20
2077115.1,11630.269,14.21,10^2 K181,Body,P-18,15,20
636346.25,3563.0564,14.21,10^2 K181,Body,P-20,15,20
558999.94,3129.9761,14.21,10^2 K181,Body,P-21,15,20
422224.16,2364.1353,14.21,10^2 K181,Body,P-22,15,20
2420053.3,61463.465,3.133,10^2 K181,Salivary Gland,P-18,16,20
314489,7987.2554,3.133,10^2 K181,Salivary Gland,P-20,16,20
1114815.3,28313.596,3.133,10^2 K181,Salivary Gland,P-21,16,20
844468.5,21447.445,3.133,10^2 K181,Salivary Gland,P-22,16,20
1366495.3,7651.3369,14.21,10^2 K181,Body,P-18,16,20
428853.34,2401.2534,14.21,10^2 K181,Body,P-20,16,20
374906.25,2099.1907,14.21,10^2 K181,Body,P-21,16,20
265345.84,1485.7355,14.21,10^2 K181,Body,P-22,16,20
2040157.4,51815.031,3.133,10^2 K181,Salivary Gland,P-18,17,20
478802.75,12160.425,3.133,10^2 K181,Salivary Gland,P-20,17,20
1575235.6,40007.148,3.133,10^2 K181,Salivary Gland,P-21,17,20
1311589.6,33311.184,3.133,10^2 K181,Salivary Gland,P-22,17,20
723869.13,4053.1182,14.21,10^2 K181,Body,P-18,17,20
476699.75,2669.1572,14.21,10^2 K181,Body,P-20,17,20
382104.28,2139.4941,14.21,10^2 K181,Body,P-21,17,20
569615.63,3189.4155,14.21,10^2 K181,Body,P-22,17,20
1054008.4,26769.248,3.133,10^2 K181,Salivary Gland,P-18,18,20
408750.81,10381.276,3.133,10^2 K181,Salivary Gland,P-20,18,20
2548726.5,64731.449,3.133,10^2 K181,Salivary Gland,P-21,18,20
925017.31,23493.189,3.133,10^2 K181,Salivary Gland,P-22,18,20
729996.63,4087.4277,14.21,10^2 K181,Body,P-18,18,20
579478.69,3244.6414,14.21,10^2 K181,Body,P-20,18,20
484081.44,2710.489,14.21,10^2 K181,Body,P-21,18,20
418703.53,2344.4224,14.21,10^2 K181,Body,P-22,18,20
1482937.9,37663.012,3.133,10^2 K181,Salivary Gland,P-18,19,20
404242.53,10266.776,3.133,10^2 K181,Salivary Gland,P-20,19,20
551961,14018.466,3.133,10^2 K181,Salivary Gland,P-21,19,20
453717.16,11523.312,3.133,10^2 K181,Salivary Gland,P-22,19,20
511919.44,2866.3608,14.21,10^2 K181,Body,P-18,19,20
406672.5,2277.0576,14.21,10^2 K181,Body,P-20,19,20
434214.88,2431.2742,14.21,10^2 K181,Body,P-21,19,20
399761.16,2238.3594,14.21,10^2 K181,Body,P-22,19,20
2062629.3,52385.766,3.133,10^6 K181,Salivary Gland,P-36,6,21
65312876,1658788.1,3.133,10^6 K181,Salivary Gland,P-37,6,21
5032623,127816.39,3.133,10^6 K181,Salivary Gland,P-41,6,21
55889824,312940.63,14.21,10^6 K181,Body,P-36,6,21
17988890,100724.14,14.21,10^6 K181,Body,P-37,6,21
88906048,499821.88,14.15,10^6 K181,Body,P-41,6,21
5321572.5,135154.98,3.133,10^6 K181,Salivary Gland,P-36,7,21
40132288,1019262.4,3.133,10^6 K181,Salivary Gland,P-37,7,21
10750177,273028.34,3.133,10^6 K181,Salivary Gland,P-41,7,21
18446382,103285.75,14.21,10^6 K181,Body,P-36,7,21
7564613.5,42356.098,14.21,10^6 K181,Body,P-37,7,21
13561438,75933.773,14.21,10^6 K181,Body,P-41,7,21
8801213,223529.41,3.133,10^6 K181,Salivary Gland,P-36,8,21
38230220,970954.56,3.133,10^6 K181,Salivary Gland,P-37,8,21
10518095,267134.03,3.133,10^6 K181,Salivary Gland,P-41,8,21
14927529,83582.844,14.21,10^6 K181,Body,P-36,8,21
2953419,16536.908,14.21,10^6 K181,Body,P-37,8,21
10809133,60767.984,14.15,10^6 K181,Body,P-41,8,21
5880375,149347.22,3.133,10^6 K181,Salivary Gland,P-36,9,21
65638052,1667046.8,3.133,10^6 K181,Salivary Gland,P-37,9,21
5234479.5,132943.05,3.133,10^6 K181,Salivary Gland,P-41,9,21
4634889,25951.865,14.21,10^6 K181,Body,P-36,9,21
4016647.8,22490.184,14.21,10^6 K181,Body,P-37,9,21
1993524.6,11162.227,14.21,10^6 K181,Body,P-41,9,21
5398717,137114.28,3.133,10^6 K181,Salivary Gland,P-36,10,21
23359418,593272.38,3.133,10^6 K181,Salivary Gland,P-37,10,21
4411385.5,112038.46,3.133,10^6 K181,Salivary Gland,P-41,10,21
1855759,10390.843,14.21,10^6 K181,Body,P-36,10,21
1291048.1,7228.8901,14.21,10^6 K181,Body,P-37,10,21
1693689.4,9483.376,14.21,10^6 K181,Body,P-41,10,21
4467713.5,113469.05,3.133,10^6 K181,Salivary Gland,P-36,11,21
37774000,959367.69,3.133,10^6 K181,Salivary Gland,P-37,11,21
5277242,134029.11,3.133,10^6 K181,Salivary Gland,P-41,11,21
1169376,6547.6187,14.21,10^6 K181,Body,P-36,11,21
1421338.1,7958.4155,14.21,10^6 K181,Body,P-37,11,21
759854.75,4271.8354,14.15,10^6 K181,Body,P-41,11,21
4204712.5,106789.46,3.133,10^6 K181,Salivary Gland,P-36,12,21
16372067,415810.66,3.133,10^6 K181,Salivary Gland,P-37,12,21
3639777.3,92441.492,3.133,10^6 K181,Salivary Gland,P-41,12,21
498607.41,2791.8235,14.21,10^6 K181,Body,P-36,12,21
659655.81,3693.5723,14.21,10^6 K181,Body,P-37,12,21
513312.53,2874.1606,14.21,10^6 K181,Body,P-41,12,21
4448545,112982.21,3.133,10^6 K181,Salivary Gland,P-36,13,21
8058181.5,204658.2,3.133,10^6 K181,Salivary Gland,P-37,13,21
5454525.5,138531.67,3.133,10^6 K181,Salivary Gland,P-41,13,21
585077.69,3275.9915,14.21,10^6 K181,Body,P-36,13,21
569208.06,3187.1333,14.21,10^6 K181,Body,P-37,13,21
813430.13,4554.5918,14.21,10^6 K181,Body,P-41,13,21
71527.813,1816.6323,3.133,10^6 K181,Salivary Gland,P-36,0,21
76723.641,1948.5939,3.133,10^6 K181,Salivary Gland,P-37,0,21
100624.48,2555.6169,3.133,10^6 K181,Salivary Gland,P-41,0,21
343856.66,1925.3365,14.21,10^6 K181,Body,P-36,0,21
337805.28,1891.4535,14.21,10^6 K181,Body,P-37,0,21
436647.06,2444.8926,14.21,10^6 K181,Body,P-41,0,21
127929.48,3249.0974,3.133,10^6 K181,Salivary Gland,P-36,1,21
329259.06,8362.3789,3.133,10^6 K181,Salivary Gland,P-37,1,21
192326.47,4884.624,3.133,10^6 K181,Salivary Gland,P-41,1,21
86133624,482282.97,14.21,10^6 K181,Body,P-36,1,21
28329258,158622.36,14.21,10^6 K181,Body,P-37,1,21
3.54E+08,1992673.4,14.15,10^6 K181,Body,P-41,1,21
147543.75,3747.2522,3.133,10^6 K181,Salivary Gland,P-36,2,21
652399.56,16569.361,3.133,10^6 K181,Salivary Gland,P-37,2,21
149760.94,3803.5632,3.133,10^6 K181,Salivary Gland,P-41,2,21
2.85E+08,1596650.8,14.21,10^6 K181,Body,P-36,2,21
54761680,306623.91,14.21,10^6 K181,Body,P-37,2,21
4.27E+08,2401536.3,14.15,10^6 K181,Body,P-41,2,21
119775.16,3041.9976,3.133,10^6 K181,Salivary Gland,P-36,3,21
450834.88,11450.108,3.133,10^6 K181,Salivary Gland,P-37,3,21
155798.84,3956.9119,3.133,10^6 K181,Salivary Gland,P-41,3,21
1.15E+08,643165.81,14.21,10^6 K181,Body,P-36,3,21
68178192,381746.16,14.21,10^6 K181,Body,P-37,3,21
28566082,159948.41,14.21,10^6 K181,Body,P-41,3,21
125721.25,3193.0139,3.133,10^6 K181,Salivary Gland,P-36,4,21
1984906.8,50411.805,3.133,10^6 K181,Salivary Gland,P-37,4,21
152354.36,3869.4302,3.133,10^6 K181,Salivary Gland,P-41,4,21
44237612,247697.08,14.21,10^6 K181,Body,P-36,4,21
66786656,373954.66,14.21,10^6 K181,Body,P-37,4,21
2.72E+08,1530695.3,14.15,10^6 K181,Body,P-41,4,21
493254.75,12527.471,3.133,10^6 K181,Salivary Gland,P-36,5,21
4260784.5,108213.56,3.133,10^6 K181,Salivary Gland,P-37,5,21
900319.19,22865.916,3.133,10^6 K181,Salivary Gland,P-41,5,21
14730265,82478.313,14.21,10^6 K181,Body,P-36,5,21
12254569,68616.297,14.21,10^6 K181,Body,P-37,5,21
21342584,119502.29,14.21,10^6 K181,Body,P-41,5,21
506994.63,12876.43,3.133,10^2 K181,Salivary Gland,P-38,6,21
255760.42,6495.6919,3.133,10^2 K181,Salivary Gland,P-39,6,21
91370.516,2320.5889,3.133,10^2 K181,Salivary Gland,P-40,6,21
496233.41,2778.531,14.21,10^2 K181,Body,P-38,6,21
8563585,47949.578,14.21,10^2 K181,Body,P-39,6,21
3423265.8,19167.693,14.21,10^2 K181,Body,P-40,6,21
1534278,38966.93,3.133,10^2 K181,Salivary Gland,P-38,7,21
618160.88,15699.781,3.133,10^2 K181,Salivary Gland,P-39,7,21
123629.48,3139.8879,3.133,10^2 K181,Salivary Gland,P-40,7,21
772638.31,4326.1885,14.21,10^2 K181,Body,P-38,7,21
4168876.8,23342.549,14.21,10^2 K181,Body,P-39,7,21
2470654.5,13833.792,14.21,10^2 K181,Body,P-40,7,21
1606820.4,40809.328,3.133,10^2 K181,Salivary Gland,P-38,8,21
631737.19,16044.587,3.133,10^2 K181,Salivary Gland,P-39,8,21
71666.664,1820.1588,3.133,10^2 K181,Salivary Gland,P-40,8,21
715985.81,4008.9778,14.21,10^2 K181,Body,P-38,8,21
2127779,11913.948,14.21,10^2 K181,Body,P-39,8,21
1221715,6840.6777,14.21,10^2 K181,Body,P-40,8,21
2415426.3,61345.949,3.133,10^2 K181,Salivary Gland,P-38,9,21
885719.38,22495.117,3.133,10^2 K181,Salivary Gland,P-39,9,21
150300.67,3817.2715,3.133,10^2 K181,Salivary Gland,P-40,9,21
671315.06,3758.8555,14.21,10^2 K181,Body,P-38,9,21
874055.56,4894.0483,14.21,10^2 K181,Body,P-39,9,21
680806.44,3811.9998,14.21,10^2 K181,Body,P-40,9,21
1560763.4,39639.59,3.133,10^2 K181,Salivary Gland,P-38,10,21
1072305.8,27233.955,3.133,10^2 K181,Salivary Gland,P-39,10,21
376435.91,9560.5557,3.133,10^2 K181,Salivary Gland,P-40,10,21
484618.94,2713.4985,14.21,10^2 K181,Body,P-38,10,21
599348.31,3355.8962,14.21,10^2 K181,Body,P-39,10,21
688120.88,3852.9553,14.21,10^2 K181,Body,P-40,10,21
2015553.3,51190.148,3.133,10^2 K181,Salivary Gland,P-38,11,21
1857886.5,47185.797,3.133,10^2 K181,Salivary Gland,P-39,11,21
784409.5,19922.094,3.133,10^2 K181,Salivary Gland,P-40,11,21
611222.56,3422.3831,14.21,10^2 K181,Body,P-38,11,21
1102421.4,6172.7241,14.21,10^2 K181,Body,P-39,11,21
894847.94,5010.4697,14.21,10^2 K181,Body,P-40,11,21
675073.13,17145.215,3.133,10^2 K181,Salivary Gland,P-38,12,21
1990205.6,50546.383,3.133,10^2 K181,Salivary Gland,P-39,12,21
1454371.9,36937.508,3.133,10^2 K181,Salivary Gland,P-40,12,21
426515.22,2388.1619,14.21,10^2 K181,Body,P-38,12,21
864846.44,4842.4844,14.21,10^2 K181,Body,P-39,12,21
1878490.6,10518.124,14.21,10^2 K181,Body,P-40,12,21
1811236,46000.988,3.133,10^2 K181,Salivary Gland,P-38,13,21
2066633.6,52487.469,3.133,10^2 K181,Salivary Gland,P-39,13,21
1846957.5,46908.227,3.133,10^2 K181,Salivary Gland,P-40,13,21
423756,2372.7124,14.21,10^2 K181,Body,P-38,13,21
655991.88,3673.0569,14.21,10^2 K181,Body,P-39,13,21
1282197.3,7179.332,14.21,10^2 K181,Body,P-40,13,21
918347.88,23323.801,3.133,10^2 K181,Salivary Gland,P-38,14,21
1144422.6,29065.549,3.133,10^2 K181,Salivary Gland,P-39,14,21
1978373.9,50245.883,3.133,10^2 K181,Salivary Gland,P-40,14,21
463656.44,2596.1245,14.21,10^2 K181,Body,P-38,14,21
480399.56,2689.8733,14.21,10^2 K181,Body,P-39,14,21
812229.69,4547.8706,14.21,10^2 K181,Body,P-40,14,21
1000863,25419.486,3.133,10^2 K181,Salivary Gland,P-38,15,21
697412.94,17712.592,3.133,10^2 K181,Salivary Gland,P-39,15,21
2638442,67010.008,3.133,10^2 K181,Salivary Gland,P-40,15,21
580052.13,3247.8518,14.21,10^2 K181,Body,P-38,15,21
410394.66,2297.8989,14.21,10^2 K181,Body,P-39,15,21
796592.88,4460.3159,14.21,10^2 K181,Body,P-40,15,21
843603.94,21425.488,3.133,10^2 K181,Salivary Gland,P-38,16,21
906731.19,23028.766,3.133,10^2 K181,Salivary Gland,P-39,16,21
977172.75,24817.809,3.133,10^2 K181,Salivary Gland,P-40,16,21
536671.38,3004.9526,14.21,10^2 K181,Body,P-38,16,21
535457.5,2998.156,14.21,10^2 K181,Body,P-39,16,21
792194.31,4435.6875,14.21,10^2 K181,Body,P-40,16,21
810140.13,20575.588,3.133,10^2 K181,Salivary Gland,P-38,17,21
1141417.1,28989.215,3.133,10^2 K181,Salivary Gland,P-39,17,21
1286712.3,32679.359,3.133,10^2 K181,Salivary Gland,P-40,17,21
407084.59,2279.365,14.21,10^2 K181,Body,P-38,17,21
360953.63,2021.0667,14.21,10^2 K181,Body,P-39,17,21
405908.78,2272.7815,14.21,10^2 K181,Body,P-40,17,21
183863.06,4669.6743,3.133,10^2 K181,Salivary Gland,P-38,18,21
291967.75,7415.27,3.133,10^2 K181,Salivary Gland,P-39,18,21
556209.5,14126.367,3.133,10^2 K181,Salivary Gland,P-40,18,21
305174.59,1708.7462,14.21,10^2 K181,Body,P-38,18,21
273506.88,1531.431,14.21,10^2 K181,Body,P-39,18,21
339175.91,1899.1279,14.21,10^2 K181,Body,P-40,18,21
330900.66,8404.0723,3.133,10^2 K181,Salivary Gland,P-38,19,21
531515.81,13499.208,3.133,10^2 K181,Salivary Gland,P-39,19,21
1823887.5,46322.305,3.133,10^2 K181,Salivary Gland,P-40,19,21
333576.97,1867.7781,14.21,10^2 K181,Body,P-38,19,21
310218.16,1736.9863,14.21,10^2 K181,Body,P-39,19,21
388442.28,2174.9822,14.21,10^2 K181,Body,P-40,19,21
199838.02,5075.3994,3.133,10^2 K181,Salivary Gland,P-38,20,21
367280.47,9328.0303,3.133,10^2 K181,Salivary Gland,P-39,20,21
1012022.9,25702.918,3.133,10^2 K181,Salivary Gland,P-40,20,21
359139.56,2010.9093,14.21,10^2 K181,Body,P-38,20,21
316282.94,1770.9445,14.21,10^2 K181,Body,P-39,20,21
377589.25,2114.2136,14.21,10^2 K181,Body,P-40,20,21
84329.273,2141.7583,3.133,10^2 K181,Salivary Gland,P-38,0,21
90465.727,2297.6094,3.133,10^2 K181,Salivary Gland,P-39,0,21
83679.789,2125.2632,3.133,10^2 K181,Salivary Gland,P-40,0,21
401736.44,2249.4194,14.21,10^2 K181,Body,P-38,0,21
376697.94,2109.2227,14.21,10^2 K181,Body,P-39,0,21
323592.91,1811.8749,14.21,10^2 K181,Body,P-40,0,21
69942.188,1776.3613,3.133,10^2 K181,Salivary Gland,P-38,1,21
99173.227,2518.7585,3.133,10^2 K181,Salivary Gland,P-39,1,21
81323.742,2065.4253,3.133,10^2 K181,Salivary Gland,P-40,1,21
424808.63,2378.6062,14.21,10^2 K181,Body,P-38,1,21
515054.91,2883.917,14.21,10^2 K181,Body,P-39,1,21
398193.44,2229.5813,14.21,10^2 K181,Body,P-40,1,21
106949.07,2716.2461,3.133,10^2 K181,Salivary Gland,P-38,2,21
115419.16,2931.366,3.133,10^2 K181,Salivary Gland,P-39,2,21
104973.75,2666.0776,3.133,10^2 K181,Salivary Gland,P-40,2,21
544729.38,3050.0715,14.21,10^2 K181,Body,P-38,2,21
787043.25,4406.8457,14.21,10^2 K181,Body,P-39,2,21
1383525,7746.6909,14.21,10^2 K181,Body,P-40,2,21
78658.648,1997.7382,3.133,10^2 K181,Salivary Gland,P-38,3,21
72849.172,1850.1915,3.133,10^2 K181,Salivary Gland,P-39,3,21
62358.957,1583.7657,3.133,10^2 K181,Salivary Gland,P-40,3,21
469640.66,2629.6313,14.21,10^2 K181,Body,P-38,3,21
2153771.5,12059.487,14.21,10^2 K181,Body,P-39,3,21
1802425.5,10092.216,14.21,10^2 K181,Body,P-40,3,21
91540.727,2324.9119,3.133,10^2 K181,Salivary Gland,P-38,4,21
156298.28,3969.5957,3.133,10^2 K181,Salivary Gland,P-39,4,21
99827.188,2535.3677,3.133,10^2 K181,Salivary Gland,P-40,4,21
554923.94,3107.1533,14.21,10^2 K181,Body,P-38,4,21
888326.25,4973.9531,14.21,10^2 K181,Body,P-39,4,21
646043.63,3617.3545,14.21,10^2 K181,Body,P-40,4,21
241836.92,6142.0693,3.133,10^2 K181,Salivary Gland,P-38,5,21
210563.39,5347.7974,3.133,10^2 K181,Salivary Gland,P-39,5,21
78504.117,1993.8135,3.133,10^2 K181,Salivary Gland,P-40,5,21
2349376.8,13154.728,14.21,10^2 K181,Body,P-38,5,21
4875931,27301.516,14.21,10^2 K181,Body,P-39,5,21
2405209.5,13467.35,14.21,10^2 K181,Body,P-40,5,21
